question,answer,type,chunk_id,overall_score,refinement_iterations
What is the main difference between how RNNs and modern transformers operate?,"RNNs process tokens sequentially from start to finish, while modern transformers can parallelize over all tokens in a sequence.",reasoning,1,8.3,0
How does the linearly scaling fast weight controller differ from slow neural networks?,"The fast weight controller modifies weights based on inputs in a way that's directly controllable, whereas slow neural networks adjust weights through gradient descent.",reasoning,1,8.3,0
What is the origin of seq2seq models and how did it evolve over time?,"The seq2seq model was developed in the early 2010s, with its origins being two concurrent papers published in 2014 that introduced seq2seq.",reasoning,1,8.3,0
What is the key difference between RNNs and modern transformers when it comes to processing sequences?,"Modern transformers can operate in parallel over all tokens in a sequence, whereas RNNs cannot. This means that while both models process sequential data, modern transformers can handle larger context windows more efficiently.",conceptual,1,8.3,0
How do the fast weight controller and linearly scaling fast weight learning mechanisms differ?,"The fast weight controller learns to compute a weight matrix based on input patterns. The linearly scaling fast weight mechanism further optimizes this process by adjusting weights in proportion to the context window size, which can be more efficient for certain tasks.",conceptual,1,8.25,0
What was one of the key contributions of the paper mentioned as the originators of seq2seq?,"This paper introduced a significant improvement by showing that the seq2seq mechanism could be effectively implemented using two networks, providing insights into how to structure such models for better performance and scalability.",conceptual,1,8.3,0
What does RNN stand for?,Recurrent Neural Network,definition,1,8.3,0
How are modern transformers different from traditional RNNs in terms of sequence processing?,"Modern transformers process sequences sequentially, whereas RNNs can operate parallelly.",definition,1,8.3,0
What does the linear scaling fast weight controller learn to do?,The linear scaling fast weight controller learns to compute weights for further processing based on input.,definition,1,8.0,0
